{
    "precision": 0.37767626542889743,
    "recall": 0.3729467656734423,
    "f1": 0.3664503640766553
}