{
    "precision": 0.35590967719445027,
    "recall": 0.3686920750661852,
    "f1": 0.351372088981578
}